Drillhole,Z_HW,Z_FW,ss_thickness,ss_encountered,X,Y,Z_g_earth,Longueur
PKB1,112.5,-610.5,723.0,1,455009.16,361240.3,378,1300.0
PKB2,104.5,-460.5,565.0,1,451823.43,359472.09,157,1140.89
PKB3,244.5,-245.5,490.0,1,446525.68,356977.87,283,722.0
PKB4,214.5,-226.5,441.0,1,438108.99,355742.24,450,955.57
PKB5,314.5,-6.5,321.0,1,430000.0,349500.0,424,709.55
PKB6,161.5,-524.5,686.0,1,451401.53,362959.55,182,871.18
PKB7,321.5,237.5,84.0,1,419065.83,348254.51,385,400.0
PKB8,64.5,-447.5,512.0,1,456261.39,357997.44,204,856.0
PKB9,163.5,17.5,146.0,1,432977.95,345939.71,367,560.5
PZ1,250.5,-9.5,260.0,1,433400.0,354250.0,458,574.5
PZ10,256.5,-241.5,498.0,1,439260.0,354400.0,478,822.3
PZ100,23.5,-13.5,37.0,1,450105.82,353299.0,168,241.1
PZ101,306.5,-168.5,475.0,1,435679.45,351589.85,443,694.1
PZ102,23.5,-83.5,107.0,1,437892.47,349583.63,283,440.0
PZ103,246.5,-177.5,424.0,1,443164.14,358893.28,444,706.0
PZ105,375.5,69.5,306.0,1,424275.59,344635.77,470,518.1
PZ11,210.5,-175.5,386.0,1,438325.0,357350.0,451,728.29
PZ110,333.5,17.5,316.0,1,426386.54,346060.93,460,544.0
PZ111,103.5,-144.5,248.0,1,442654.89,349669.15,215,447.4
PZ112,344.5,-38.5,383.0,1,423889.01,342657.97,458,600.5
PZ113,196.5,71.5,125.0,1,437913.45,350764.7,346,357.0
PZ114,338.5,-13.5,352.0,1,428752.39,347443.92,466,579.15
PZ115,263.5,130.5,133.0,1,429082.98,352601.36,388,358.1
PZ116,-43.5,-707.5,664.0,1,454003.53,365733.28,237,1043.8
PZ117,257.5,-247.5,505.0,1,446216.94,359169.29,402,733.3
PZ118,162.5,-287.5,450.0,1,443813.27,362067.82,417,767.4
PZ119,181.5,-237.5,419.0,1,444150.37,360794.22,432,747.0
PZ120,232.5,-218.5,451.0,1,442703.87,357407.85,471,772.0
PZ121,135.5,-45.5,181.0,1,441483.74,348786.34,216,334.5
PZ122,268.5,-351.5,620.0,1,443584.89,356813.74,458,885.0
PZ124,153.5,-27.5,181.0,1,443834.52,348844.39,222,333.5
PZ13,281.5,-250.5,532.0,1,440868.45,354707.34,467,809.4
PZ14,257.5,-327.5,585.0,1,442677.21,355983.27,478,910.68
PZ16,161.5,-43.5,205.0,1,435870.39,356468.93,462,613.0
PZ17,230.5,-80.5,311.0,1,435463.15,355119.18,477,668.5
PZ18,160.5,-12.5,173.0,1,434988.41,356796.63,449,574.0
PZ19,241.5,-269.5,511.0,1,436377.17,354203.34,470,825.0
PZ2,236.5,-229.5,466.0,1,441977.01,358433.96,445,780.0
PZ20,210.5,-38.5,249.0,1,439241.73,358847.08,415,538.5
PZ21,210.5,-181.5,392.0,1,440625.8,359137.75,433,698.22
PZ22,209.5,-167.5,377.0,1,441281.94,358896.12,443,744.75
PZ23,269.5,-253.5,523.0,1,439374.6,352565.31,383,749.5
PZ24,275.5,-272.5,548.0,1,437167.31,352944.63,381,734.7
PZ25,349.5,-76.5,426.0,1,432767.18,351479.03,463,621.0
PZ26,258.5,-299.5,558.0,1,440870.24,353145.92,474,870.0
PZ27,245.5,-256.5,502.0,1,438109.71,353600.86,410,752.4
PZ28,279.5,-302.5,582.0,1,442331.1,354697.77,466,861.7
PZ29,269.5,-235.5,505.0,1,437816.33,352499.31,432,768.58
PZ3,84.5,-106.5,191.0,1,446636.77,357501.94,327,551.3
PZ30,244.5,-284.5,529.0,1,437212.67,354148.51,440,826.05
PZ31,303.5,-168.5,472.0,1,439445.68,351795.24,367,636.78
PZ32,198.5,-78.5,277.0,1,436687.72,355819.41,455,616.0
PZ33,106.5,27.5,79.0,1,436933.73,358368.08,445,532.1
PZ34,170.5,-35.5,206.0,1,435701.38,357968.75,445,589.0
PZ35,185.5,-206.5,392.0,1,437310.63,355650.89,461,761.1
PZ36,91.5,37.5,54.0,1,437213.0,357595.88,444,502.52
PZ37,207.5,8.5,199.0,1,436706.63,356900.18,452,535.1
PZ38,119.5,31.5,88.0,1,437223.75,357714.0,446,508.9
PZ39,200.5,19.5,181.0,1,437654.02,357694.64,445,513.47
PZ4,194.5,-230.5,425.0,1,436850.0,355100.0,466,813.41
PZ40,211.5,29.5,182.0,1,436704.37,357555.37,449,512.0
PZ41,238.5,-101.5,340.0,1,437811.38,357198.12,454,609.0
PZ42,349.5,-10.5,360.0,1,430008.35,348512.8,449,535.2
PZ43,69.5,-197.5,267.0,1,436851.25,355849.46,455,753.0
PZ44,362.5,35.5,327.0,1,429006.9,349514.73,455,514.39
PZ45,194.5,-165.5,360.0,1,439913.39,358855.62,431,700.0
PZ46,353.5,-23.5,377.0,1,430352.15,350158.28,440,541.5
PZ47,137.5,-38.5,176.0,1,438837.43,359452.79,436,542.8
PZ48,316.5,-9.5,326.0,1,431008.56,349519.41,450,512.0
PZ5,227.5,-213.5,441.0,1,439292.77,356688.05,446,747.55
PZ50,193.5,7.5,186.0,1,438070.44,358395.29,450,535.1
PZ51,35.5,-37.5,73.0,1,437377.53,358866.49,456,505.0
PZ52,115.5,4.5,111.0,1,436404.51,358424.74,443,553.1
PZ53,220.5,24.5,196.0,1,436185.43,357154.83,457,543.2
PZ54,170.5,-26.5,197.0,1,435512.6,357265.6,454,583.7
PZ55,160.5,-52.5,213.0,1,435675.26,356733.89,460,576.4
PZ56,254.5,-214.5,469.0,1,440600.0,357400.0,455,744.6
PZ57,124.5,-119.5,244.0,1,434832.38,357501.92,449,677.1
PZ58,222.5,-204.5,427.0,1,439637.93,357727.58,447,745.0
PZ59,277.5,-223.5,501.0,1,441665.94,356816.32,472,783.0
PZ6,60.5,-181.5,242.0,1,437500.0,356400.0,457,737.24
PZ60,204.5,1.5,203.0,1,431980.55,355338.89,445,566.0
PZ61,296.5,143.5,153.0,1,430254.26,353656.27,449,418.0
PZ62,315.5,-31.5,347.0,1,431203.14,352409.15,447,614.13
PZ63,346.5,11.5,335.0,1,427715.92,348414.22,439,515.0
PZ64,343.5,30.5,313.0,1,428489.64,349197.98,434,483.5
PZ65,387.5,58.5,329.0,1,429007.36,350404.2,433,461.5
PZ66,191.5,-13.5,205.0,1,433643.68,356001.8,450,574.7
PZ67,317.5,-70.5,388.0,1,431010.08,350507.84,441,564.08
PZ68,248.5,132.5,116.0,1,426896.02,352016.3,358,261.4
PZ7,257.5,-248.5,506.0,1,439450.0,355450.0,468,799.94
PZ70,180.5,-256.5,437.0,1,442632.27,360350.19,401,733.0
PZ71,295.5,-205.5,501.0,1,444584.21,359840.25,447,733.0
PZ72,213.5,-260.5,474.0,1,444357.8,358257.08,472,811.0
PZ73,253.5,-317.5,571.0,1,445120.93,356421.08,423,808.0
PZ74,163.5,-349.5,513.0,1,447128.34,360323.05,425,852.8
PZ75,210.5,-373.5,584.0,1,445295.3,354703.04,333,761.8
PZ76,283.5,-421.5,705.0,1,443724.6,354928.5,464,976.4
PZ77,185.5,-243.5,429.0,1,448196.59,358442.44,245,576.0
PZ78,166.5,-336.5,503.0,1,449605.75,359816.54,214,636.2
PZ79,237.5,-396.5,634.0,1,448737.26,361396.42,379,835.7
PZ8,281.5,-262.5,544.0,1,440530.0,356100.0,472,825.45
PZ80,3.5,-603.5,607.0,1,453522.39,359761.69,254,937.2
PZ81,117.5,-460.5,578.0,1,451433.3,359985.77,145,661.2
PZ82,122.5,-187.5,310.0,1,450806.07,358430.83,153,524.9
PZ83,142.5,-395.5,538.0,1,447757.01,362892.08,301,758.0
PZ84,161.5,-185.5,347.0,1,453835.56,355508.69,218,486.3
PZ85,124.5,-340.5,465.0,1,446026.84,361827.98,367,786.2
PZ86,73.5,-149.5,223.0,1,452176.66,354389.93,169,401.0
PZ87,73.5,-573.5,647.0,1,449282.62,364134.95,230,872.2
PZ88,-53.5,-496.5,443.0,1,452745.65,356416.05,193,777.0
PZ89,185.5,-11.5,197.0,1,440444.62,356197.0,469,777.0
PZ9,231.5,-272.5,504.0,1,438400.0,354750.0,462,825.65
PZ91,24.5,-410.5,435.0,1,448238.03,365732.36,266,740.4
PZ92,201.5,-369.5,571.0,1,442708.99,352843.08,343,802.8
PZ93,143.5,-492.5,636.0,1,450054.59,362677.75,320,887.4
PZ94,-16.5,-559.5,543.0,1,450054.59,367156.41,169,813.6
PZ95,80.5,-641.5,722.0,1,451511.02,362920.65,162,854.2
PZ96,297.5,-212.5,510.0,1,434819.75,353180.36,456,765.0
PZ97,160.5,-144.5,305.0,1,455650.91,358444.61,203,431.8
PZ98,156.5,-46.5,203.0,1,433068.61,348757.3,358,566.0
PZ99,126.5,-178.5,305.0,1,451190.5,354890.43,161,418.5
PZ12,,,,0,437590.83,358259.51,446,511.0
PZ15,,,,0,438317.25,360351.27,458,419.0
PZ49,,,,0,438026.22,359028.47,451,504.0
PZ69,,,,0,434184.64,347319.08,361,290.9
PZ90,,,,0,442917.33,365362.55,381,415.8
PZ104,,,,0,435629.57,359044.94,442,520.0
PZ106,,,,0,436174.7,346204.02,392,348.0
PZ107,,,,0,417433.21,344157.7,329,167.7
PZ108,,,,0,431067.03,344257.73,314,321.0
PZ109,,,,0,419512.41,340309.46,263,211.2
