Drillhole,depth_at_HW,depth_at_fw,ss_thickness,ss_encountered,X,Y,Z_g_earth,Longueur
PKB1,265.0,989.0,724.0,1,455009.16,361240.3,378,1300.0
PKB2,52.0,618.0,566.0,1,451823.43,359472.09,157,1140.89
PKB3,38.0,529.0,491.0,1,446525.68,356977.87,283,722.0
PKB4,235.0,677.0,442.0,1,438108.99,355742.24,450,955.57
PKB5,109.0,431.0,322.0,1,430000.0,349500.0,424,709.55
PKB6,20.0,707.0,687.0,1,451401.53,362959.55,182,871.18
PKB7,63.0,148.0,85.0,1,419065.83,348254.51,385,400.0
PKB8,139.0,652.0,513.0,1,456261.39,357997.44,204,856.0
PKB9,203.0,350.0,147.0,1,432977.95,345939.71,367,560.5
PZ1,207.0,468.0,261.0,1,433400.0,354250.0,458,574.5
PZ10,221.0,720.0,499.0,1,439260.0,354400.0,478,822.3
PZ100,144.0,182.0,38.0,1,450105.82,353299.0,168,241.1
PZ101,136.0,612.0,476.0,1,435679.45,351589.85,443,694.1
PZ102,259.0,367.0,108.0,1,437892.47,349583.63,283,440.0
PZ103,197.0,622.0,425.0,1,443164.14,358893.28,444,706.0
PZ105,94.0,401.0,307.0,1,424275.59,344635.77,470,518.1
PZ11,240.0,627.0,387.0,1,438325.0,357350.0,451,728.29
PZ110,126.0,443.0,317.0,1,426386.54,346060.93,460,544.0
PZ111,111.0,360.0,249.0,1,442654.89,349669.15,215,447.4
PZ112,113.0,497.0,384.0,1,423889.01,342657.97,458,600.5
PZ113,149.0,275.0,126.0,1,437913.45,350764.7,346,357.0
PZ114,127.0,480.0,353.0,1,428752.39,347443.92,466,579.15
PZ115,124.0,258.0,134.0,1,429082.98,352601.36,388,358.1
PZ116,280.0,945.0,665.0,1,454003.53,365733.28,237,1043.8
PZ117,144.0,650.0,506.0,1,446216.94,359169.29,402,733.3
PZ118,254.0,705.0,451.0,1,443813.27,362067.82,417,767.4
PZ119,250.0,670.0,420.0,1,444150.37,360794.22,432,747.0
PZ120,238.0,690.0,452.0,1,442703.87,357407.85,471,772.0
PZ121,80.0,262.0,182.0,1,441483.74,348786.34,216,334.5
PZ122,189.0,810.0,621.0,1,443584.89,356813.74,458,885.0
PZ124,68.0,250.0,182.0,1,443834.52,348844.39,222,333.5
PZ13,185.0,718.0,533.0,1,440868.45,354707.34,467,809.4
PZ14,220.0,806.0,586.0,1,442677.21,355983.27,478,910.68
PZ16,300.0,506.0,206.0,1,435870.39,356468.93,462,613.0
PZ17,246.0,558.0,312.0,1,435463.15,355119.18,477,668.5
PZ18,288.0,462.0,174.0,1,434988.41,356796.63,449,574.0
PZ19,228.0,740.0,512.0,1,436377.17,354203.34,470,825.0
PZ2,208.0,675.0,467.0,1,441977.01,358433.96,445,780.0
PZ20,204.0,454.0,250.0,1,439241.73,358847.08,415,538.5
PZ21,222.0,615.0,393.0,1,440625.8,359137.75,433,698.22
PZ22,233.0,611.0,378.0,1,441281.94,358896.12,443,744.75
PZ23,113.0,637.0,524.0,1,439374.6,352565.31,383,749.5
PZ24,105.0,654.0,549.0,1,437167.31,352944.63,381,734.7
PZ25,113.0,540.0,427.0,1,432767.18,351479.03,463,621.0
PZ26,215.0,774.0,559.0,1,440870.24,353145.92,474,870.0
PZ27,164.0,667.0,503.0,1,438109.71,353600.86,410,752.4
PZ28,186.0,769.0,583.0,1,442331.1,354697.77,466,861.7
PZ29,162.0,668.0,506.0,1,437816.33,352499.31,432,768.58
PZ3,242.0,434.0,192.0,1,446636.77,357501.94,327,551.3
PZ30,195.0,725.0,530.0,1,437212.67,354148.51,440,826.05
PZ31,63.0,536.0,473.0,1,439445.68,351795.24,367,636.78
PZ32,256.0,534.0,278.0,1,436687.72,355819.41,455,616.0
PZ33,338.0,418.0,80.0,1,436933.73,358368.08,445,532.1
PZ34,274.0,481.0,207.0,1,435701.38,357968.75,445,589.0
PZ35,275.0,668.0,393.0,1,437310.63,355650.89,461,761.1
PZ36,352.0,407.0,55.0,1,437213.0,357595.88,444,502.52
PZ37,244.0,444.0,200.0,1,436706.63,356900.18,452,535.1
PZ38,326.0,415.0,89.0,1,437223.75,357714.0,446,508.9
PZ39,244.0,426.0,182.0,1,437654.02,357694.64,445,513.47
PZ4,271.0,697.0,426.0,1,436850.0,355100.0,466,813.41
PZ40,237.0,420.0,183.0,1,436704.37,357555.37,449,512.0
PZ41,215.0,556.0,341.0,1,437811.38,357198.12,454,609.0
PZ42,99.0,460.0,361.0,1,430008.35,348512.8,449,535.2
PZ43,385.0,653.0,268.0,1,436851.25,355849.46,455,753.0
PZ44,92.0,420.0,328.0,1,429006.9,349514.73,455,514.39
PZ45,236.0,597.0,361.0,1,439913.39,358855.62,431,700.0
PZ46,86.0,464.0,378.0,1,430352.15,350158.28,440,541.5
PZ47,298.0,475.0,177.0,1,438837.43,359452.79,436,542.8
PZ48,133.0,460.0,327.0,1,431008.56,349519.41,450,512.0
PZ5,218.0,660.0,442.0,1,439292.77,356688.05,446,747.55
PZ50,256.0,443.0,187.0,1,438070.44,358395.29,450,535.1
PZ51,420.0,494.0,74.0,1,437377.53,358866.49,456,505.0
PZ52,327.0,439.0,112.0,1,436404.51,358424.74,443,553.1
PZ53,236.0,433.0,197.0,1,436185.43,357154.83,457,543.2
PZ54,283.0,481.0,198.0,1,435512.6,357265.6,454,583.7
PZ55,299.0,513.0,214.0,1,435675.26,356733.89,460,576.4
PZ56,200.0,670.0,470.0,1,440600.0,357400.0,455,744.6
PZ57,324.0,569.0,245.0,1,434832.38,357501.92,449,677.1
PZ58,224.0,652.0,428.0,1,439637.93,357727.58,447,745.0
PZ59,194.0,696.0,502.0,1,441665.94,356816.32,472,783.0
PZ6,396.0,639.0,243.0,1,437500.0,356400.0,457,737.24
PZ60,240.0,444.0,204.0,1,431980.55,355338.89,445,566.0
PZ61,152.0,306.0,154.0,1,430254.26,353656.27,449,418.0
PZ62,131.0,479.0,348.0,1,431203.14,352409.15,447,614.13
PZ63,92.0,428.0,336.0,1,427715.92,348414.22,439,515.0
PZ64,90.0,404.0,314.0,1,428489.64,349197.98,434,483.5
PZ65,45.0,375.0,330.0,1,429007.36,350404.2,433,461.5
PZ66,258.0,464.0,206.0,1,433643.68,356001.8,450,574.7
PZ67,123.0,512.0,389.0,1,431010.08,350507.84,441,564.08
PZ68,109.0,226.0,117.0,1,426896.02,352016.3,358,261.4
PZ7,210.0,717.0,507.0,1,439450.0,355450.0,468,799.94
PZ70,220.0,658.0,438.0,1,442632.27,360350.19,401,733.0
PZ71,151.0,653.0,502.0,1,444584.21,359840.25,447,733.0
PZ72,258.0,733.0,475.0,1,444357.8,358257.08,472,811.0
PZ73,169.0,741.0,572.0,1,445120.93,356421.08,423,808.0
PZ74,261.0,775.0,514.0,1,447128.34,360323.05,425,852.8
PZ75,122.0,707.0,585.0,1,445295.3,354703.04,333,761.8
PZ76,180.0,886.0,706.0,1,443724.6,354928.5,464,976.4
PZ77,59.0,489.0,430.0,1,448196.59,358442.44,245,576.0
PZ78,47.0,551.0,504.0,1,449605.75,359816.54,214,636.2
PZ79,141.0,776.0,635.0,1,448737.26,361396.42,379,835.7
PZ8,190.0,735.0,545.0,1,440530.0,356100.0,472,825.45
PZ80,250.0,858.0,608.0,1,453522.39,359761.69,254,937.2
PZ81,27.0,606.0,579.0,1,451433.3,359985.77,145,661.2
PZ82,30.0,341.0,311.0,1,450806.07,358430.83,153,524.9
PZ83,158.0,697.0,539.0,1,447757.01,362892.08,301,758.0
PZ84,56.0,404.0,348.0,1,453835.56,355508.69,218,486.3
PZ85,242.0,708.0,466.0,1,446026.84,361827.98,367,786.2
PZ86,95.0,319.0,224.0,1,452176.66,354389.93,169,401.0
PZ87,156.0,804.0,648.0,1,449282.62,364134.95,230,872.2
PZ88,246.0,690.0,444.0,1,452745.65,356416.05,193,777.0
PZ89,283.0,481.0,198.0,1,440444.62,356197.0,469,777.0
PZ9,230.0,735.0,505.0,1,438400.0,354750.0,462,825.65
PZ91,241.0,677.0,436.0,1,448238.03,365732.36,266,740.4
PZ92,141.0,713.0,572.0,1,442708.99,352843.08,343,802.8
PZ93,176.0,813.0,637.0,1,450054.59,362677.75,320,887.4
PZ94,185.0,729.0,544.0,1,450054.59,367156.41,169,813.6
PZ95,81.0,804.0,723.0,1,451511.02,362920.65,162,854.2
PZ96,158.0,669.0,511.0,1,434819.75,353180.36,456,765.0
PZ97,42.0,348.0,306.0,1,455650.91,358444.61,203,431.8
PZ98,201.0,405.0,204.0,1,433068.61,348757.3,358,566.0
PZ99,34.0,340.0,306.0,1,451190.5,354890.43,161,418.5
PZ12,,,,0,437590.83,358259.51,446,511.0
PZ15,,,,0,438317.25,360351.27,458,419.0
PZ49,,,,0,438026.22,359028.47,451,504.0
PZ69,,,,0,434184.64,347319.08,361,290.9
PZ90,,,,0,442917.33,365362.55,381,415.8
PZ104,,,,0,435629.57,359044.94,442,520.0
PZ106,,,,0,436174.7,346204.02,392,348.0
PZ107,,,,0,417433.21,344157.7,329,167.7
PZ108,,,,0,431067.03,344257.73,314,321.0
PZ109,,,,0,419512.41,340309.46,263,211.2
